{
    "ifd_ppl": {
        "0.1": 0.6030527775100931,
        "0.25": 0.7380784623669523,
        "0.5": 0.8522547094795963,
        "0.75": 0.9406337716907283,
        "0.9": 1.0128518668126005
    },
    "rifd_ppl": {
        "0.1": 0.7854477108289158,
        "0.25": 0.9441548093073813,
        "0.5": 1.066122708797932,
        "0.75": 1.188108724180621,
        "0.9": 1.2944783032401428
    }
}